id,title,full_text,cleaned,tokens,tokens_clean,tokens_stemmed,cleaned_text
1,Machine learning for microbiologists,"Machine learning for microbiologists … how to evaluate a machine learning model and how … machine learning-based work. The
topics presented in this work will allow microbiologists to grasp the potential of machine learning …",Machine learning for microbiologists how to evaluate a machine learning model and how machine learning based work The topics presented in this work will allow microbiologists to grasp the potential of machine learning,"['machine', 'learning', 'for', 'microbiologists', 'how', 'to', 'evaluate', 'a', 'machine', 'learning', 'model', 'and', 'how', 'machine', 'learning', 'based', 'work', 'the', 'topics', 'presented', 'in', 'this', 'work', 'will', 'allow', 'microbiologists', 'to', 'grasp', 'the', 'potential', 'of', 'machine', 'learning']","['machine', 'learning', 'for', 'microbiologists', 'how', 'to', 'evaluate', 'machine', 'learning', 'model', 'and', 'how', 'machine', 'learning', 'based', 'work', 'the', 'topics', 'presented', 'in', 'this', 'work', 'will', 'allow', 'microbiologists', 'to', 'grasp', 'the', 'potential', 'of', 'machine', 'learning']","['machine', 'learning', 'for', 'microbiologists', 'how', 'to', 'evaluate', 'machine', 'learning', 'model', 'and', 'how', 'machine', 'learning', 'based', 'work', 'the', 'topics', 'presented', 'in', 'this', 'work', 'will', 'allow', 'microbiologists', 'to', 'grasp', 'the', 'potential', 'of', 'machine', 'learning']",machine learning for microbiologists how to evaluate machine learning model and how machine learning based work the topics presented in this work will allow microbiologists to grasp the potential of machine learning
2,International conference on machine learning,"International conference on machine learning In this paper, we make the key delineation on the roles of resolution and statistical uncertainty
in hierarchical bandits-based black-box optimization algorithms, guiding a more general …",International conference on machine learning In this paper we make the key delineation on the roles of resolution and statistical uncertainty in hierarchical bandits based black box optimization algorithms guiding a more general,"['international', 'conference', 'on', 'machine', 'learning', 'in', 'this', 'paper', 'we', 'make', 'the', 'key', 'delineation', 'on', 'the', 'roles', 'of', 'resolution', 'and', 'statistical', 'uncertainty', 'in', 'hierarchical', 'bandits', 'based', 'black', 'box', 'optimization', 'algorithms', 'guiding', 'a', 'more', 'general']","['international', 'conference', 'on', 'machine', 'learning', 'in', 'this', 'paper', 'we', 'make', 'the', 'key', 'delineation', 'on', 'the', 'roles', 'of', 'resolution', 'and', 'statistical', 'uncertainty', 'in', 'hierarchical', 'bandits', 'based', 'black', 'box', 'optimization', 'algorithms', 'guiding', 'more', 'general']","['international', 'conference', 'on', 'machine', 'learning', 'in', 'this', 'paper', 'we', 'make', 'the', 'key', 'delineation', 'on', 'the', 'roles', 'of', 'resolution', 'and', 'statistical', 'uncertainty', 'in', 'hierarchical', 'bandits', 'based', 'black', 'box', 'optimization', 'algorithms', 'guiding', 'more', 'general']",international conference on machine learning in this paper we make the key delineation on the roles of resolution and statistical uncertainty in hierarchical bandits based black box optimization algorithms guiding more general
3,What is machine learning?,"What is machine learning? … that one can employ in machine learning (ML). The required … of two learning types: supervised
or unsupervised learning. … skills through either automated learning or learning via human …",What is machine learning that one can employ in machine learning ML The required of two learning types supervised or unsupervised learning skills through either automated learning or learning via human,"['what', 'is', 'machine', 'learning', 'that', 'one', 'can', 'employ', 'in', 'machine', 'learning', 'ml', 'the', 'required', 'of', 'two', 'learning', 'types', 'supervised', 'or', 'unsupervised', 'learning', 'skills', 'through', 'either', 'automated', 'learning', 'or', 'learning', 'via', 'human']","['what', 'is', 'machine', 'learning', 'that', 'one', 'can', 'employ', 'in', 'machine', 'learning', 'ml', 'the', 'required', 'of', 'two', 'learning', 'types', 'supervised', 'or', 'unsupervised', 'learning', 'skills', 'through', 'either', 'automated', 'learning', 'or', 'learning', 'via', 'human']","['what', 'is', 'machine', 'learning', 'that', 'one', 'can', 'employ', 'in', 'machine', 'learning', 'ml', 'the', 'required', 'of', 'two', 'learning', 'types', 'supervised', 'or', 'unsupervised', 'learning', 'skills', 'through', 'either', 'automated', 'learning', 'or', 'learning', 'via', 'human']",what is machine learning that one can employ in machine learning ml the required of two learning types supervised or unsupervised learning skills through either automated learning or learning via human
4,Amnesiac machine learning,"Amnesiac machine learning … It gives EU residents the ability to request deletion of their personal data, including training
records used to train machine learning models. Unfortunately, Deep Neural Network models …",Amnesiac machine learning It gives EU residents the ability to request deletion of their personal data including training records used to train machine learning models Unfortunately Deep Neural Network models,"['amnesiac', 'machine', 'learning', 'it', 'gives', 'eu', 'residents', 'the', 'ability', 'to', 'request', 'deletion', 'of', 'their', 'personal', 'data', 'including', 'training', 'records', 'used', 'to', 'train', 'machine', 'learning', 'models', 'unfortunately', 'deep', 'neural', 'network', 'models']","['amnesiac', 'machine', 'learning', 'it', 'gives', 'eu', 'residents', 'the', 'ability', 'to', 'request', 'deletion', 'of', 'their', 'personal', 'data', 'including', 'training', 'records', 'used', 'to', 'train', 'machine', 'learning', 'models', 'unfortunately', 'deep', 'neural', 'network', 'models']","['amnesiac', 'machine', 'learning', 'it', 'gives', 'eu', 'residents', 'the', 'ability', 'to', 'request', 'deletion', 'of', 'their', 'personal', 'data', 'including', 'training', 'records', 'used', 'to', 'train', 'machine', 'learning', 'models', 'unfortunately', 'deep', 'neural', 'network', 'models']",amnesiac machine learning it gives eu residents the ability to request deletion of their personal data including training records used to train machine learning models unfortunately deep neural network models
5,Designing nanotheranostics with machine learning,"Designing nanotheranostics with machine learning … As a key branch of artificial intelligence, machine learning (ML) provides a set of tools
capable of performing time-consuming and result-perception tasks, thus offering unique …",Designing nanotheranostics with machine learning As a key branch of artificial intelligence machine learning ML provides a set of tools capable of performing time consuming and result perception tasks thus offering unique,"['designing', 'nanotheranostics', 'with', 'machine', 'learning', 'as', 'a', 'key', 'branch', 'of', 'artificial', 'intelligence', 'machine', 'learning', 'ml', 'provides', 'a', 'set', 'of', 'tools', 'capable', 'of', 'performing', 'time', 'consuming', 'and', 'result', 'perception', 'tasks', 'thus', 'offering', 'unique']","['designing', 'nanotheranostics', 'with', 'machine', 'learning', 'as', 'key', 'branch', 'of', 'artificial', 'intelligence', 'machine', 'learning', 'ml', 'provides', 'set', 'of', 'tools', 'capable', 'of', 'performing', 'time', 'consuming', 'and', 'result', 'perception', 'tasks', 'thus', 'offering', 'unique']","['designing', 'nanotheranostics', 'with', 'machine', 'learning', 'as', 'key', 'branch', 'of', 'artificial', 'intelligence', 'machine', 'learning', 'ml', 'provides', 'set', 'of', 'tools', 'capable', 'of', 'performing', 'time', 'consuming', 'and', 'result', 'perception', 'tasks', 'thus', 'offering', 'unique']",designing nanotheranostics with machine learning as key branch of artificial intelligence machine learning ml provides set of tools capable of performing time consuming and result perception tasks thus offering unique
6,A guide to machine learning for biologists,"A guide to machine learning for biologists … A machine learning task is an objective specification for what we want a machine learning
model to accomplish. For example, for an experiment investigating the expression of genes …",A guide to machine learning for biologists A machine learning task is an objective specification for what we want a machine learning model to accomplish For example for an experiment investigating the expression of genes,"['a', 'guide', 'to', 'machine', 'learning', 'for', 'biologists', 'a', 'machine', 'learning', 'task', 'is', 'an', 'objective', 'specification', 'for', 'what', 'we', 'want', 'a', 'machine', 'learning', 'model', 'to', 'accomplish', 'for', 'example', 'for', 'an', 'experiment', 'investigating', 'the', 'expression', 'of', 'genes']","['guide', 'to', 'machine', 'learning', 'for', 'biologists', 'machine', 'learning', 'task', 'is', 'an', 'objective', 'specification', 'for', 'what', 'we', 'want', 'machine', 'learning', 'model', 'to', 'accomplish', 'for', 'example', 'for', 'an', 'experiment', 'investigating', 'the', 'expression', 'of', 'genes']","['guide', 'to', 'machine', 'learning', 'for', 'biologists', 'machine', 'learning', 'task', 'is', 'an', 'objective', 'specification', 'for', 'what', 'we', 'want', 'machine', 'learning', 'model', 'to', 'accomplish', 'for', 'example', 'for', 'an', 'experiment', 'investigating', 'the', 'expression', 'of', 'genes']",guide to machine learning for biologists machine learning task is an objective specification for what we want machine learning model to accomplish for example for an experiment investigating the expression of genes
7,Machine learning and deep learning: C. Janiesch et al.,"Machine learning and deep learning: C. Janiesch et al. … Deep learning is a machine learning concept based on … , deep learning models outperform
shallow machine learning … fundamentals of machine learning and deep learning to generate …",Machine learning and deep learning C Janiesch et al Deep learning is a machine learning concept based on deep learning models outperform shallow machine learning fundamentals of machine learning and deep learning to generate,"['machine', 'learning', 'and', 'deep', 'learning', 'c', 'janiesch', 'et', 'al', 'deep', 'learning', 'is', 'a', 'machine', 'learning', 'concept', 'based', 'on', 'deep', 'learning', 'models', 'outperform', 'shallow', 'machine', 'learning', 'fundamentals', 'of', 'machine', 'learning', 'and', 'deep', 'learning', 'to', 'generate']","['machine', 'learning', 'and', 'deep', 'learning', 'janiesch', 'et', 'al', 'deep', 'learning', 'is', 'machine', 'learning', 'concept', 'based', 'on', 'deep', 'learning', 'models', 'outperform', 'shallow', 'machine', 'learning', 'fundamentals', 'of', 'machine', 'learning', 'and', 'deep', 'learning', 'to', 'generate']","['machine', 'learning', 'and', 'deep', 'learning', 'janiesch', 'et', 'al', 'deep', 'learning', 'is', 'machine', 'learning', 'concept', 'based', 'on', 'deep', 'learning', 'models', 'outperform', 'shallow', 'machine', 'learning', 'fundamentals', 'of', 'machine', 'learning', 'and', 'deep', 'learning', 'to', 'generate']",machine learning and deep learning janiesch et al deep learning is machine learning concept based on deep learning models outperform shallow machine learning fundamentals of machine learning and deep learning to generate
8,Machine learning foundations,"Machine learning foundations … knowledge about machine learning by exploring learning theories, … of machine learning
algorithms: the supervised, the unsupervised, the reinforced, and the semi-supervised learning. …",Machine learning foundations knowledge about machine learning by exploring learning theories of machine learning algorithms the supervised the unsupervised the reinforced and the semi supervised learning,"['machine', 'learning', 'foundations', 'knowledge', 'about', 'machine', 'learning', 'by', 'exploring', 'learning', 'theories', 'of', 'machine', 'learning', 'algorithms', 'the', 'supervised', 'the', 'unsupervised', 'the', 'reinforced', 'and', 'the', 'semi', 'supervised', 'learning']","['machine', 'learning', 'foundations', 'knowledge', 'about', 'machine', 'learning', 'by', 'exploring', 'learning', 'theories', 'of', 'machine', 'learning', 'algorithms', 'the', 'supervised', 'the', 'unsupervised', 'the', 'reinforced', 'and', 'the', 'semi', 'supervised', 'learning']","['machine', 'learning', 'foundations', 'knowledge', 'about', 'machine', 'learning', 'by', 'exploring', 'learning', 'theories', 'of', 'machine', 'learning', 'algorithms', 'the', 'supervised', 'the', 'unsupervised', 'the', 'reinforced', 'and', 'the', 'semi', 'supervised', 'learning']",machine learning foundations knowledge about machine learning by exploring learning theories of machine learning algorithms the supervised the unsupervised the reinforced and the semi supervised learning
9,Financial machine learning,"Financial machine learning … We survey the nascent literature on machine learning in the study of financial markets. We
… in grasping machine learning tools, as well as for statisticians and machine learners seeking …",Financial machine learning We survey the nascent literature on machine learning in the study of financial markets We in grasping machine learning tools as well as for statisticians and machine learners seeking,"['financial', 'machine', 'learning', 'we', 'survey', 'the', 'nascent', 'literature', 'on', 'machine', 'learning', 'in', 'the', 'study', 'of', 'financial', 'markets', 'we', 'in', 'grasping', 'machine', 'learning', 'tools', 'as', 'well', 'as', 'for', 'statisticians', 'and', 'machine', 'learners', 'seeking']","['financial', 'machine', 'learning', 'we', 'survey', 'the', 'nascent', 'literature', 'on', 'machine', 'learning', 'in', 'the', 'study', 'of', 'financial', 'markets', 'we', 'in', 'grasping', 'machine', 'learning', 'tools', 'as', 'well', 'as', 'for', 'statisticians', 'and', 'machine', 'learners', 'seeking']","['financial', 'machine', 'learning', 'we', 'survey', 'the', 'nascent', 'literature', 'on', 'machine', 'learning', 'in', 'the', 'study', 'of', 'financial', 'markets', 'we', 'in', 'grasping', 'machine', 'learning', 'tools', 'as', 'well', 'as', 'for', 'statisticians', 'and', 'machine', 'learners', 'seeking']",financial machine learning we survey the nascent literature on machine learning in the study of financial markets we in grasping machine learning tools as well as for statisticians and machine learners seeking
10,Open-environment machine learning,"Open-environment machine learning … open learning or open ML for short. Note that the name ‘open-world machine learning’ was
used to refer to machine learning with unseen class [1] or outof-distribution (OOD) data [2]. In …",Open environment machine learning open learning or open ML for short Note that the name open world machine learning was used to refer to machine learning with unseen class 1 or outof distribution OOD data 2 In,"['open', 'environment', 'machine', 'learning', 'open', 'learning', 'or', 'open', 'ml', 'for', 'short', 'note', 'that', 'the', 'name', 'open', 'world', 'machine', 'learning', 'was', 'used', 'to', 'refer', 'to', 'machine', 'learning', 'with', 'unseen', 'class', '1', 'or', 'outof', 'distribution', 'ood', 'data', '2', 'in']","['open', 'environment', 'machine', 'learning', 'open', 'learning', 'or', 'open', 'ml', 'for', 'short', 'note', 'that', 'the', 'name', 'open', 'world', 'machine', 'learning', 'was', 'used', 'to', 'refer', 'to', 'machine', 'learning', 'with', 'unseen', 'class', 'or', 'outof', 'distribution', 'ood', 'data', 'in']","['open', 'environment', 'machine', 'learning', 'open', 'learning', 'or', 'open', 'ml', 'for', 'short', 'note', 'that', 'the', 'name', 'open', 'world', 'machine', 'learning', 'was', 'used', 'to', 'refer', 'to', 'machine', 'learning', 'with', 'unseen', 'class', 'or', 'outof', 'distribution', 'ood', 'data', 'in']",open environment machine learning open learning or open ml for short note that the name open world machine learning was used to refer to machine learning with unseen class or outof distribution ood data in
11,Using machine learning to detect misstatements,"Using machine learning to detect misstatements … Intuitively, a machine learning algorithm can be taught to … Machine learning algorithms
capture the relationship … We also examine a number of alternative machine learning approaches …",Using machine learning to detect misstatements Intuitively a machine learning algorithm can be taught to Machine learning algorithms capture the relationship We also examine a number of alternative machine learning approaches,"['using', 'machine', 'learning', 'to', 'detect', 'misstatements', 'intuitively', 'a', 'machine', 'learning', 'algorithm', 'can', 'be', 'taught', 'to', 'machine', 'learning', 'algorithms', 'capture', 'the', 'relationship', 'we', 'also', 'examine', 'a', 'number', 'of', 'alternative', 'machine', 'learning', 'approaches']","['using', 'machine', 'learning', 'to', 'detect', 'misstatements', 'intuitively', 'machine', 'learning', 'algorithm', 'can', 'be', 'taught', 'to', 'machine', 'learning', 'algorithms', 'capture', 'the', 'relationship', 'we', 'also', 'examine', 'number', 'of', 'alternative', 'machine', 'learning', 'approaches']","['using', 'machine', 'learning', 'to', 'detect', 'misstatements', 'intuitively', 'machine', 'learning', 'algorithm', 'can', 'be', 'taught', 'to', 'machine', 'learning', 'algorithms', 'capture', 'the', 'relationship', 'we', 'also', 'examine', 'number', 'of', 'alternative', 'machine', 'learning', 'approaches']",using machine learning to detect misstatements intuitively machine learning algorithm can be taught to machine learning algorithms capture the relationship we also examine number of alternative machine learning approaches
12,A survey on the explainability of supervised machine learning,"A survey on the explainability of supervised machine learning … In the following sections, we structure the area of explainable supervised machine learning.
First, we describe the problem definitions and dimensions. Next, we introduce interpretable …",A survey on the explainability of supervised machine learning In the following sections we structure the area of explainable supervised machine learning First we describe the problem definitions and dimensions Next we introduce interpretable,"['a', 'survey', 'on', 'the', 'explainability', 'of', 'supervised', 'machine', 'learning', 'in', 'the', 'following', 'sections', 'we', 'structure', 'the', 'area', 'of', 'explainable', 'supervised', 'machine', 'learning', 'first', 'we', 'describe', 'the', 'problem', 'definitions', 'and', 'dimensions', 'next', 'we', 'introduce', 'interpretable']","['survey', 'on', 'the', 'explainability', 'of', 'supervised', 'machine', 'learning', 'in', 'the', 'following', 'sections', 'we', 'structure', 'the', 'area', 'of', 'explainable', 'supervised', 'machine', 'learning', 'first', 'we', 'describe', 'the', 'problem', 'definitions', 'and', 'dimensions', 'next', 'we', 'introduce', 'interpretable']","['survey', 'on', 'the', 'explainability', 'of', 'supervised', 'machine', 'learning', 'in', 'the', 'following', 'sections', 'we', 'structure', 'the', 'area', 'of', 'explainable', 'supervised', 'machine', 'learning', 'first', 'we', 'describe', 'the', 'problem', 'definitions', 'and', 'dimensions', 'next', 'we', 'introduce', 'interpretable']",survey on the explainability of supervised machine learning in the following sections we structure the area of explainable supervised machine learning first we describe the problem definitions and dimensions next we introduce interpretable
13,Challenges in deploying machine learning: a survey of case studies,"Challenges in deploying machine learning: a survey of case studies … This survey reviews published reports of deploying machine learning … of the machine
learning deployment workflow. By mapping found challenges to the steps of the machine learning …",Challenges in deploying machine learning a survey of case studies This survey reviews published reports of deploying machine learning of the machine learning deployment workflow By mapping found challenges to the steps of the machine learning,"['challenges', 'in', 'deploying', 'machine', 'learning', 'a', 'survey', 'of', 'case', 'studies', 'this', 'survey', 'reviews', 'published', 'reports', 'of', 'deploying', 'machine', 'learning', 'of', 'the', 'machine', 'learning', 'deployment', 'workflow', 'by', 'mapping', 'found', 'challenges', 'to', 'the', 'steps', 'of', 'the', 'machine', 'learning']","['challenges', 'in', 'deploying', 'machine', 'learning', 'survey', 'of', 'case', 'studies', 'this', 'survey', 'reviews', 'published', 'reports', 'of', 'deploying', 'machine', 'learning', 'of', 'the', 'machine', 'learning', 'deployment', 'workflow', 'by', 'mapping', 'found', 'challenges', 'to', 'the', 'steps', 'of', 'the', 'machine', 'learning']","['challenges', 'in', 'deploying', 'machine', 'learning', 'survey', 'of', 'case', 'studies', 'this', 'survey', 'reviews', 'published', 'reports', 'of', 'deploying', 'machine', 'learning', 'of', 'the', 'machine', 'learning', 'deployment', 'workflow', 'by', 'mapping', 'found', 'challenges', 'to', 'the', 'steps', 'of', 'the', 'machine', 'learning']",challenges in deploying machine learning survey of case studies this survey reviews published reports of deploying machine learning of the machine learning deployment workflow by mapping found challenges to the steps of the machine learning
14,"Machine learning operations (mlops): Overview, definition, and architecture","Machine learning operations (mlops): Overview, definition, and architecture … ABSTRACT The final goal of all industrial machine learning (ML) projects is to develop
ML … The paradigm of Machine Learning Operations (MLOps) addresses this issue. MLOps …",Machine learning operations mlops Overview definition and architecture ABSTRACT The final goal of all industrial machine learning ML projects is to develop ML The paradigm of Machine Learning Operations MLOps addresses this issue MLOps,"['machine', 'learning', 'operations', 'mlops', 'overview', 'definition', 'and', 'architecture', 'abstract', 'the', 'final', 'goal', 'of', 'all', 'industrial', 'machine', 'learning', 'ml', 'projects', 'is', 'to', 'develop', 'ml', 'the', 'paradigm', 'of', 'machine', 'learning', 'operations', 'mlops', 'addresses', 'this', 'issue', 'mlops']","['machine', 'learning', 'operations', 'mlops', 'overview', 'definition', 'and', 'architecture', 'abstract', 'the', 'final', 'goal', 'of', 'all', 'industrial', 'machine', 'learning', 'ml', 'projects', 'is', 'to', 'develop', 'ml', 'the', 'paradigm', 'of', 'machine', 'learning', 'operations', 'mlops', 'addresses', 'this', 'issue', 'mlops']","['machine', 'learning', 'operations', 'mlops', 'overview', 'definition', 'and', 'architecture', 'abstract', 'the', 'final', 'goal', 'of', 'all', 'industrial', 'machine', 'learning', 'ml', 'projects', 'is', 'to', 'develop', 'ml', 'the', 'paradigm', 'of', 'machine', 'learning', 'operations', 'mlops', 'addresses', 'this', 'issue', 'mlops']",machine learning operations mlops overview definition and architecture abstract the final goal of all industrial machine learning ml projects is to develop ml the paradigm of machine learning operations mlops addresses this issue mlops
15,A survey on dataset quality in machine learning,"A survey on dataset quality in machine learning … of dataset quality in machine learning, including the definition of … of machine learning,
which can help improve the accuracy, efficiency, and generalization ability of machine learning …",A survey on dataset quality in machine learning of dataset quality in machine learning including the definition of of machine learning which can help improve the accuracy efficiency and generalization ability of machine learning,"['a', 'survey', 'on', 'dataset', 'quality', 'in', 'machine', 'learning', 'of', 'dataset', 'quality', 'in', 'machine', 'learning', 'including', 'the', 'definition', 'of', 'of', 'machine', 'learning', 'which', 'can', 'help', 'improve', 'the', 'accuracy', 'efficiency', 'and', 'generalization', 'ability', 'of', 'machine', 'learning']","['survey', 'on', 'dataset', 'quality', 'in', 'machine', 'learning', 'of', 'dataset', 'quality', 'in', 'machine', 'learning', 'including', 'the', 'definition', 'of', 'of', 'machine', 'learning', 'which', 'can', 'help', 'improve', 'the', 'accuracy', 'efficiency', 'and', 'generalization', 'ability', 'of', 'machine', 'learning']","['survey', 'on', 'dataset', 'quality', 'in', 'machine', 'learning', 'of', 'dataset', 'quality', 'in', 'machine', 'learning', 'including', 'the', 'definition', 'of', 'of', 'machine', 'learning', 'which', 'can', 'help', 'improve', 'the', 'accuracy', 'efficiency', 'and', 'generalization', 'ability', 'of', 'machine', 'learning']",survey on dataset quality in machine learning of dataset quality in machine learning including the definition of of machine learning which can help improve the accuracy efficiency and generalization ability of machine learning
16,A review of the application of machine learning in water quality evaluation,"A review of the application of machine learning in water quality evaluation … Additionally, machine learning can provide solutions for water … In this review, we describe
the cases in which machine learning … of machine learning approaches to water environments. …",A review of the application of machine learning in water quality evaluation Additionally machine learning can provide solutions for water In this review we describe the cases in which machine learning of machine learning approaches to water environments,"['a', 'review', 'of', 'the', 'application', 'of', 'machine', 'learning', 'in', 'water', 'quality', 'evaluation', 'additionally', 'machine', 'learning', 'can', 'provide', 'solutions', 'for', 'water', 'in', 'this', 'review', 'we', 'describe', 'the', 'cases', 'in', 'which', 'machine', 'learning', 'of', 'machine', 'learning', 'approaches', 'to', 'water', 'environments']","['review', 'of', 'the', 'application', 'of', 'machine', 'learning', 'in', 'water', 'quality', 'evaluation', 'additionally', 'machine', 'learning', 'can', 'provide', 'solutions', 'for', 'water', 'in', 'this', 'review', 'we', 'describe', 'the', 'cases', 'in', 'which', 'machine', 'learning', 'of', 'machine', 'learning', 'approaches', 'to', 'water', 'environments']","['review', 'of', 'the', 'application', 'of', 'machine', 'learning', 'in', 'water', 'quality', 'evaluation', 'additionally', 'machine', 'learning', 'can', 'provide', 'solutions', 'for', 'water', 'in', 'this', 'review', 'we', 'describe', 'the', 'cases', 'in', 'which', 'machine', 'learning', 'of', 'machine', 'learning', 'approaches', 'to', 'water', 'environments']",review of the application of machine learning in water quality evaluation additionally machine learning can provide solutions for water in this review we describe the cases in which machine learning of machine learning approaches to water environments
17,Agricultural databases evaluation with machine learning procedure,"Agricultural databases evaluation with machine learning procedure … machine learning techniques to agricultural databases. W e have designed and implemented
a machine learning … dataset using a variety of machine learning schemes, and has several …",Agricultural databases evaluation with machine learning procedure machine learning techniques to agricultural databases W e have designed and implemented a machine learning dataset using a variety of machine learning schemes and has several,"['agricultural', 'databases', 'evaluation', 'with', 'machine', 'learning', 'procedure', 'machine', 'learning', 'techniques', 'to', 'agricultural', 'databases', 'w', 'e', 'have', 'designed', 'and', 'implemented', 'a', 'machine', 'learning', 'dataset', 'using', 'a', 'variety', 'of', 'machine', 'learning', 'schemes', 'and', 'has', 'several']","['agricultural', 'databases', 'evaluation', 'with', 'machine', 'learning', 'procedure', 'machine', 'learning', 'techniques', 'to', 'agricultural', 'databases', 'have', 'designed', 'and', 'implemented', 'machine', 'learning', 'dataset', 'using', 'variety', 'of', 'machine', 'learning', 'schemes', 'and', 'has', 'several']","['agricultural', 'databases', 'evaluation', 'with', 'machine', 'learning', 'procedure', 'machine', 'learning', 'techniques', 'to', 'agricultural', 'databases', 'have', 'designed', 'and', 'implemented', 'machine', 'learning', 'dataset', 'using', 'variety', 'of', 'machine', 'learning', 'schemes', 'and', 'has', 'several']",agricultural databases evaluation with machine learning procedure machine learning techniques to agricultural databases have designed and implemented machine learning dataset using variety of machine learning schemes and has several
18,An overview of machine learning classification techniques,"An overview of machine learning classification techniques … statistical learning and pattern recognition, machine learning now … between statistics and
machine learning is evident, with … core of machine learning lies the concept of self-learning, a …",An overview of machine learning classification techniques statistical learning and pattern recognition machine learning now between statistics and machine learning is evident with core of machine learning lies the concept of self learning a,"['an', 'overview', 'of', 'machine', 'learning', 'classification', 'techniques', 'statistical', 'learning', 'and', 'pattern', 'recognition', 'machine', 'learning', 'now', 'between', 'statistics', 'and', 'machine', 'learning', 'is', 'evident', 'with', 'core', 'of', 'machine', 'learning', 'lies', 'the', 'concept', 'of', 'self', 'learning', 'a']","['an', 'overview', 'of', 'machine', 'learning', 'classification', 'techniques', 'statistical', 'learning', 'and', 'pattern', 'recognition', 'machine', 'learning', 'now', 'between', 'statistics', 'and', 'machine', 'learning', 'is', 'evident', 'with', 'core', 'of', 'machine', 'learning', 'lies', 'the', 'concept', 'of', 'self', 'learning']","['an', 'overview', 'of', 'machine', 'learning', 'classification', 'techniques', 'statistical', 'learning', 'and', 'pattern', 'recognition', 'machine', 'learning', 'now', 'between', 'statistics', 'and', 'machine', 'learning', 'is', 'evident', 'with', 'core', 'of', 'machine', 'learning', 'lies', 'the', 'concept', 'of', 'self', 'learning']",an overview of machine learning classification techniques statistical learning and pattern recognition machine learning now between statistics and machine learning is evident with core of machine learning lies the concept of self learning
19,A systematic review of teaching and learning machine learning in K-12 education,"A systematic review of teaching and learning machine learning in K-12 education … from being a contribution to the field of machine learning education as it systematically
synthesizes research conducted on teaching and learning machine learning at K-12 levels. The …",A systematic review of teaching and learning machine learning in K 12 education from being a contribution to the field of machine learning education as it systematically synthesizes research conducted on teaching and learning machine learning at K 12 levels The,"['a', 'systematic', 'review', 'of', 'teaching', 'and', 'learning', 'machine', 'learning', 'in', 'k', '12', 'education', 'from', 'being', 'a', 'contribution', 'to', 'the', 'field', 'of', 'machine', 'learning', 'education', 'as', 'it', 'systematically', 'synthesizes', 'research', 'conducted', 'on', 'teaching', 'and', 'learning', 'machine', 'learning', 'at', 'k', '12', 'levels', 'the']","['systematic', 'review', 'of', 'teaching', 'and', 'learning', 'machine', 'learning', 'in', '12', 'education', 'from', 'being', 'contribution', 'to', 'the', 'field', 'of', 'machine', 'learning', 'education', 'as', 'it', 'systematically', 'synthesizes', 'research', 'conducted', 'on', 'teaching', 'and', 'learning', 'machine', 'learning', 'at', '12', 'levels', 'the']","['systematic', 'review', 'of', 'teaching', 'and', 'learning', 'machine', 'learning', 'in', '12', 'education', 'from', 'being', 'contribution', 'to', 'the', 'field', 'of', 'machine', 'learning', 'education', 'as', 'it', 'systematically', 'synthesizes', 'research', 'conducted', 'on', 'teaching', 'and', 'learning', 'machine', 'learning', 'at', '12', 'levels', 'the']",systematic review of teaching and learning machine learning in 12 education from being contribution to the field of machine learning education as it systematically synthesizes research conducted on teaching and learning machine learning at 12 levels the
20,A survey of human-in-the-loop for machine learning,"A survey of human-in-the-loop for machine learning … posed by machine learning … machine learning. Human-in-the-loop is an area that we see
as increasingly important in future research due to the knowledge learned by machine learning …",A survey of human in the loop for machine learning posed by machine learning machine learning Human in the loop is an area that we see as increasingly important in future research due to the knowledge learned by machine learning,"['a', 'survey', 'of', 'human', 'in', 'the', 'loop', 'for', 'machine', 'learning', 'posed', 'by', 'machine', 'learning', 'machine', 'learning', 'human', 'in', 'the', 'loop', 'is', 'an', 'area', 'that', 'we', 'see', 'as', 'increasingly', 'important', 'in', 'future', 'research', 'due', 'to', 'the', 'knowledge', 'learned', 'by', 'machine', 'learning']","['survey', 'of', 'human', 'in', 'the', 'loop', 'for', 'machine', 'learning', 'posed', 'by', 'machine', 'learning', 'machine', 'learning', 'human', 'in', 'the', 'loop', 'is', 'an', 'area', 'that', 'we', 'see', 'as', 'increasingly', 'important', 'in', 'future', 'research', 'due', 'to', 'the', 'knowledge', 'learned', 'by', 'machine', 'learning']","['survey', 'of', 'human', 'in', 'the', 'loop', 'for', 'machine', 'learning', 'posed', 'by', 'machine', 'learning', 'machine', 'learning', 'human', 'in', 'the', 'loop', 'is', 'an', 'area', 'that', 'we', 'see', 'as', 'increasingly', 'important', 'in', 'future', 'research', 'due', 'to', 'the', 'knowledge', 'learned', 'by', 'machine', 'learning']",survey of human in the loop for machine learning posed by machine learning machine learning human in the loop is an area that we see as increasingly important in future research due to the knowledge learned by machine learning
21,Machine learning for alloys,"Machine learning for alloys … Pairing machine learning and alloys has proven to be … This Review examines the present
state of machine-learning-driven … We foresee that the partnership between machine learning …",Machine learning for alloys Pairing machine learning and alloys has proven to be This Review examines the present state of machine learning driven We foresee that the partnership between machine learning,"['machine', 'learning', 'for', 'alloys', 'pairing', 'machine', 'learning', 'and', 'alloys', 'has', 'proven', 'to', 'be', 'this', 'review', 'examines', 'the', 'present', 'state', 'of', 'machine', 'learning', 'driven', 'we', 'foresee', 'that', 'the', 'partnership', 'between', 'machine', 'learning']","['machine', 'learning', 'for', 'alloys', 'pairing', 'machine', 'learning', 'and', 'alloys', 'has', 'proven', 'to', 'be', 'this', 'review', 'examines', 'the', 'present', 'state', 'of', 'machine', 'learning', 'driven', 'we', 'foresee', 'that', 'the', 'partnership', 'between', 'machine', 'learning']","['machine', 'learning', 'for', 'alloys', 'pairing', 'machine', 'learning', 'and', 'alloys', 'has', 'proven', 'to', 'be', 'this', 'review', 'examines', 'the', 'present', 'state', 'of', 'machine', 'learning', 'driven', 'we', 'foresee', 'that', 'the', 'partnership', 'between', 'machine', 'learning']",machine learning for alloys pairing machine learning and alloys has proven to be this review examines the present state of machine learning driven we foresee that the partnership between machine learning
22,Machine learning in economics and finance,"Machine learning in economics and finance … Machine Learning (ML) was introduced by Arthur Samuel while working for IBM in 1959, mainly
to describe the pattern recognition tasks that delivered the “learning… of Machine Learning …",Machine learning in economics and finance Machine Learning ML was introduced by Arthur Samuel while working for IBM in 1959 mainly to describe the pattern recognition tasks that delivered the learning of Machine Learning,"['machine', 'learning', 'in', 'economics', 'and', 'finance', 'machine', 'learning', 'ml', 'was', 'introduced', 'by', 'arthur', 'samuel', 'while', 'working', 'for', 'ibm', 'in', '1959', 'mainly', 'to', 'describe', 'the', 'pattern', 'recognition', 'tasks', 'that', 'delivered', 'the', 'learning', 'of', 'machine', 'learning']","['machine', 'learning', 'in', 'economics', 'and', 'finance', 'machine', 'learning', 'ml', 'was', 'introduced', 'by', 'arthur', 'samuel', 'while', 'working', 'for', 'ibm', 'in', '1959', 'mainly', 'to', 'describe', 'the', 'pattern', 'recognition', 'tasks', 'that', 'delivered', 'the', 'learning', 'of', 'machine', 'learning']","['machine', 'learning', 'in', 'economics', 'and', 'finance', 'machine', 'learning', 'ml', 'was', 'introduced', 'by', 'arthur', 'samuel', 'while', 'working', 'for', 'ibm', 'in', '1959', 'mainly', 'to', 'describe', 'the', 'pattern', 'recognition', 'tasks', 'that', 'delivered', 'the', 'learning', 'of', 'machine', 'learning']",machine learning in economics and finance machine learning ml was introduced by arthur samuel while working for ibm in 1959 mainly to describe the pattern recognition tasks that delivered the learning of machine learning
23,Machine learning and applications in microbiology,"Machine learning and applications in microbiology … Applying machine learning to address biological problems is expected … machine learning
practitioner. These key points are further reinforced with an evaluation of how machine learning …",Machine learning and applications in microbiology Applying machine learning to address biological problems is expected machine learning practitioner These key points are further reinforced with an evaluation of how machine learning,"['machine', 'learning', 'and', 'applications', 'in', 'microbiology', 'applying', 'machine', 'learning', 'to', 'address', 'biological', 'problems', 'is', 'expected', 'machine', 'learning', 'practitioner', 'these', 'key', 'points', 'are', 'further', 'reinforced', 'with', 'an', 'evaluation', 'of', 'how', 'machine', 'learning']","['machine', 'learning', 'and', 'applications', 'in', 'microbiology', 'applying', 'machine', 'learning', 'to', 'address', 'biological', 'problems', 'is', 'expected', 'machine', 'learning', 'practitioner', 'these', 'key', 'points', 'are', 'further', 'reinforced', 'with', 'an', 'evaluation', 'of', 'how', 'machine', 'learning']","['machine', 'learning', 'and', 'applications', 'in', 'microbiology', 'applying', 'machine', 'learning', 'to', 'address', 'biological', 'problems', 'is', 'expected', 'machine', 'learning', 'practitioner', 'these', 'key', 'points', 'are', 'further', 'reinforced', 'with', 'an', 'evaluation', 'of', 'how', 'machine', 'learning']",machine learning and applications in microbiology applying machine learning to address biological problems is expected machine learning practitioner these key points are further reinforced with an evaluation of how machine learning
24,OMLT: Optimization & machine learning toolkit,"OMLT: Optimization & machine learning toolkit … The optimization and machine learning toolkit (OMLT) is an open-source software package
… models, which have been trained using machine learning, into larger optimization problems. …",OMLT Optimization machine learning toolkit The optimization and machine learning toolkit OMLT is an open source software package models which have been trained using machine learning into larger optimization problems,"['omlt', 'optimization', 'machine', 'learning', 'toolkit', 'the', 'optimization', 'and', 'machine', 'learning', 'toolkit', 'omlt', 'is', 'an', 'open', 'source', 'software', 'package', 'models', 'which', 'have', 'been', 'trained', 'using', 'machine', 'learning', 'into', 'larger', 'optimization', 'problems']","['omlt', 'optimization', 'machine', 'learning', 'toolkit', 'the', 'optimization', 'and', 'machine', 'learning', 'toolkit', 'omlt', 'is', 'an', 'open', 'source', 'software', 'package', 'models', 'which', 'have', 'been', 'trained', 'using', 'machine', 'learning', 'into', 'larger', 'optimization', 'problems']","['omlt', 'optimization', 'machine', 'learning', 'toolkit', 'the', 'optimization', 'and', 'machine', 'learning', 'toolkit', 'omlt', 'is', 'an', 'open', 'source', 'software', 'package', 'models', 'which', 'have', 'been', 'trained', 'using', 'machine', 'learning', 'into', 'larger', 'optimization', 'problems']",omlt optimization machine learning toolkit the optimization and machine learning toolkit omlt is an open source software package models which have been trained using machine learning into larger optimization problems
25,Machine learning in chemical engineering: A perspective,"Machine learning in chemical engineering: A perspective … and application of machine learning with a focus on deep learning and probabilistic models.
… algorithms of statistical machine learning, especially unsupervised deep learning, and its …",Machine learning in chemical engineering A perspective and application of machine learning with a focus on deep learning and probabilistic models algorithms of statistical machine learning especially unsupervised deep learning and its,"['machine', 'learning', 'in', 'chemical', 'engineering', 'a', 'perspective', 'and', 'application', 'of', 'machine', 'learning', 'with', 'a', 'focus', 'on', 'deep', 'learning', 'and', 'probabilistic', 'models', 'algorithms', 'of', 'statistical', 'machine', 'learning', 'especially', 'unsupervised', 'deep', 'learning', 'and', 'its']","['machine', 'learning', 'in', 'chemical', 'engineering', 'perspective', 'and', 'application', 'of', 'machine', 'learning', 'with', 'focus', 'on', 'deep', 'learning', 'and', 'probabilistic', 'models', 'algorithms', 'of', 'statistical', 'machine', 'learning', 'especially', 'unsupervised', 'deep', 'learning', 'and', 'its']","['machine', 'learning', 'in', 'chemical', 'engineering', 'perspective', 'and', 'application', 'of', 'machine', 'learning', 'with', 'focus', 'on', 'deep', 'learning', 'and', 'probabilistic', 'models', 'algorithms', 'of', 'statistical', 'machine', 'learning', 'especially', 'unsupervised', 'deep', 'learning', 'and', 'its']",machine learning in chemical engineering perspective and application of machine learning with focus on deep learning and probabilistic models algorithms of statistical machine learning especially unsupervised deep learning and its
26,Human-in-the-loop machine learning: a state of the art,"Human-in-the-loop machine learning: a state of the art … Researchers are defining new types of interactions between humans and machine learning
… machine learning (HITL-ML) (Munro 2020). The idea is not only to make machine learning …",Human in the loop machine learning a state of the art Researchers are defining new types of interactions between humans and machine learning machine learning HITL ML Munro 2020 The idea is not only to make machine learning,"['human', 'in', 'the', 'loop', 'machine', 'learning', 'a', 'state', 'of', 'the', 'art', 'researchers', 'are', 'defining', 'new', 'types', 'of', 'interactions', 'between', 'humans', 'and', 'machine', 'learning', 'machine', 'learning', 'hitl', 'ml', 'munro', '2020', 'the', 'idea', 'is', 'not', 'only', 'to', 'make', 'machine', 'learning']","['human', 'in', 'the', 'loop', 'machine', 'learning', 'state', 'of', 'the', 'art', 'researchers', 'are', 'defining', 'new', 'types', 'of', 'interactions', 'between', 'humans', 'and', 'machine', 'learning', 'machine', 'learning', 'hitl', 'ml', 'munro', '2020', 'the', 'idea', 'is', 'not', 'only', 'to', 'make', 'machine', 'learning']","['human', 'in', 'the', 'loop', 'machine', 'learning', 'state', 'of', 'the', 'art', 'researchers', 'are', 'defining', 'new', 'types', 'of', 'interactions', 'between', 'humans', 'and', 'machine', 'learning', 'machine', 'learning', 'hitl', 'ml', 'munro', '2020', 'the', 'idea', 'is', 'not', 'only', 'to', 'make', 'machine', 'learning']",human in the loop machine learning state of the art researchers are defining new types of interactions between humans and machine learning machine learning hitl ml munro 2020 the idea is not only to make machine learning
27,Causality for machine learning,"Causality for machine learning … for Machine Learning In spite of all recent successes, if we compare what machine learning
… This shortcoming is not too surprising since machine learning often disregards information …",Causality for machine learning for Machine Learning In spite of all recent successes if we compare what machine learning This shortcoming is not too surprising since machine learning often disregards information,"['causality', 'for', 'machine', 'learning', 'for', 'machine', 'learning', 'in', 'spite', 'of', 'all', 'recent', 'successes', 'if', 'we', 'compare', 'what', 'machine', 'learning', 'this', 'shortcoming', 'is', 'not', 'too', 'surprising', 'since', 'machine', 'learning', 'often', 'disregards', 'information']","['causality', 'for', 'machine', 'learning', 'for', 'machine', 'learning', 'in', 'spite', 'of', 'all', 'recent', 'successes', 'if', 'we', 'compare', 'what', 'machine', 'learning', 'this', 'shortcoming', 'is', 'not', 'too', 'surprising', 'since', 'machine', 'learning', 'often', 'disregards', 'information']","['causality', 'for', 'machine', 'learning', 'for', 'machine', 'learning', 'in', 'spite', 'of', 'all', 'recent', 'successes', 'if', 'we', 'compare', 'what', 'machine', 'learning', 'this', 'shortcoming', 'is', 'not', 'too', 'surprising', 'since', 'machine', 'learning', 'often', 'disregards', 'information']",causality for machine learning for machine learning in spite of all recent successes if we compare what machine learning this shortcoming is not too surprising since machine learning often disregards information
28,Machine learning: new ideas and tools in environmental science and engineering,"Machine learning: new ideas and tools in environmental science and engineering … Machine learning has the potential to revolutionize data analysis and modeling in the …
shortcomings, challenges, and opportunities for applications of machine learning in the ESE field. …",Machine learning new ideas and tools in environmental science and engineering Machine learning has the potential to revolutionize data analysis and modeling in the shortcomings challenges and opportunities for applications of machine learning in the ESE field,"['machine', 'learning', 'new', 'ideas', 'and', 'tools', 'in', 'environmental', 'science', 'and', 'engineering', 'machine', 'learning', 'has', 'the', 'potential', 'to', 'revolutionize', 'data', 'analysis', 'and', 'modeling', 'in', 'the', 'shortcomings', 'challenges', 'and', 'opportunities', 'for', 'applications', 'of', 'machine', 'learning', 'in', 'the', 'ese', 'field']","['machine', 'learning', 'new', 'ideas', 'and', 'tools', 'in', 'environmental', 'science', 'and', 'engineering', 'machine', 'learning', 'has', 'the', 'potential', 'to', 'revolutionize', 'data', 'analysis', 'and', 'modeling', 'in', 'the', 'shortcomings', 'challenges', 'and', 'opportunities', 'for', 'applications', 'of', 'machine', 'learning', 'in', 'the', 'ese', 'field']","['machine', 'learning', 'new', 'ideas', 'and', 'tools', 'in', 'environmental', 'science', 'and', 'engineering', 'machine', 'learning', 'has', 'the', 'potential', 'to', 'revolutionize', 'data', 'analysis', 'and', 'modeling', 'in', 'the', 'shortcomings', 'challenges', 'and', 'opportunities', 'for', 'applications', 'of', 'machine', 'learning', 'in', 'the', 'ese', 'field']",machine learning new ideas and tools in environmental science and engineering machine learning has the potential to revolutionize data analysis and modeling in the shortcomings challenges and opportunities for applications of machine learning in the ese field
29,Scope of machine learning in materials research—A review,"Scope of machine learning in materials research—A review This comprehensive review investigates the multifaceted applications of machine learning in
materials research across six key dimensions, redefining the field's boundaries. It explains …",Scope of machine learning in materials research A review This comprehensive review investigates the multifaceted applications of machine learning in materials research across six key dimensions redefining the field s boundaries It explains,"['scope', 'of', 'machine', 'learning', 'in', 'materials', 'research', 'a', 'review', 'this', 'comprehensive', 'review', 'investigates', 'the', 'multifaceted', 'applications', 'of', 'machine', 'learning', 'in', 'materials', 'research', 'across', 'six', 'key', 'dimensions', 'redefining', 'the', 'field', 's', 'boundaries', 'it', 'explains']","['scope', 'of', 'machine', 'learning', 'in', 'materials', 'research', 'review', 'this', 'comprehensive', 'review', 'investigates', 'the', 'multifaceted', 'applications', 'of', 'machine', 'learning', 'in', 'materials', 'research', 'across', 'six', 'key', 'dimensions', 'redefining', 'the', 'field', 'boundaries', 'it', 'explains']","['scope', 'of', 'machine', 'learning', 'in', 'materials', 'research', 'review', 'this', 'comprehensive', 'review', 'investigates', 'the', 'multifaceted', 'applications', 'of', 'machine', 'learning', 'in', 'materials', 'research', 'across', 'six', 'key', 'dimensions', 'redefining', 'the', 'field', 'boundaries', 'it', 'explains']",scope of machine learning in materials research review this comprehensive review investigates the multifaceted applications of machine learning in materials research across six key dimensions redefining the field boundaries it explains
30,Machine learning for biochemical engineering: A review,"Machine learning for biochemical engineering: A review … use of machine learning within biochemical engineering over the last 20 years. The most
prevalent machine learning … Finally, core challenges into the application of machine learning in …",Machine learning for biochemical engineering A review use of machine learning within biochemical engineering over the last 20 years The most prevalent machine learning Finally core challenges into the application of machine learning in,"['machine', 'learning', 'for', 'biochemical', 'engineering', 'a', 'review', 'use', 'of', 'machine', 'learning', 'within', 'biochemical', 'engineering', 'over', 'the', 'last', '20', 'years', 'the', 'most', 'prevalent', 'machine', 'learning', 'finally', 'core', 'challenges', 'into', 'the', 'application', 'of', 'machine', 'learning', 'in']","['machine', 'learning', 'for', 'biochemical', 'engineering', 'review', 'use', 'of', 'machine', 'learning', 'within', 'biochemical', 'engineering', 'over', 'the', 'last', '20', 'years', 'the', 'most', 'prevalent', 'machine', 'learning', 'finally', 'core', 'challenges', 'into', 'the', 'application', 'of', 'machine', 'learning', 'in']","['machine', 'learning', 'for', 'biochemical', 'engineering', 'review', 'use', 'of', 'machine', 'learning', 'within', 'biochemical', 'engineering', 'over', 'the', 'last', '20', 'years', 'the', 'most', 'prevalent', 'machine', 'learning', 'finally', 'core', 'challenges', 'into', 'the', 'application', 'of', 'machine', 'learning', 'in']",machine learning for biochemical engineering review use of machine learning within biochemical engineering over the last 20 years the most prevalent machine learning finally core challenges into the application of machine learning in
31,Participation is not a design fix for machine learning,"Participation is not a design fix for machine learning … machine learning. It examines three existing kinds of participation in design practice and
machine learning … justice – to argue that the machine learning community must become attuned …",Participation is not a design fix for machine learning machine learning It examines three existing kinds of participation in design practice and machine learning justice to argue that the machine learning community must become attuned,"['participation', 'is', 'not', 'a', 'design', 'fix', 'for', 'machine', 'learning', 'machine', 'learning', 'it', 'examines', 'three', 'existing', 'kinds', 'of', 'participation', 'in', 'design', 'practice', 'and', 'machine', 'learning', 'justice', 'to', 'argue', 'that', 'the', 'machine', 'learning', 'community', 'must', 'become', 'attuned']","['participation', 'is', 'not', 'design', 'fix', 'for', 'machine', 'learning', 'machine', 'learning', 'it', 'examines', 'three', 'existing', 'kinds', 'of', 'participation', 'in', 'design', 'practice', 'and', 'machine', 'learning', 'justice', 'to', 'argue', 'that', 'the', 'machine', 'learning', 'community', 'must', 'become', 'attuned']","['participation', 'is', 'not', 'design', 'fix', 'for', 'machine', 'learning', 'machine', 'learning', 'it', 'examines', 'three', 'existing', 'kinds', 'of', 'participation', 'in', 'design', 'practice', 'and', 'machine', 'learning', 'justice', 'to', 'argue', 'that', 'the', 'machine', 'learning', 'community', 'must', 'become', 'attuned']",participation is not design fix for machine learning machine learning it examines three existing kinds of participation in design practice and machine learning justice to argue that the machine learning community must become attuned
32,Machine learning for a sustainable energy future,"Machine learning for a sustainable energy future … Here we explore the extent to which machine learning (ML) techniques can help to address
many of these challenges 8,9,10 . ML models can be used to predict specific properties of …",Machine learning for a sustainable energy future Here we explore the extent to which machine learning ML techniques can help to address many of these challenges 8 9 10 ML models can be used to predict specific properties of,"['machine', 'learning', 'for', 'a', 'sustainable', 'energy', 'future', 'here', 'we', 'explore', 'the', 'extent', 'to', 'which', 'machine', 'learning', 'ml', 'techniques', 'can', 'help', 'to', 'address', 'many', 'of', 'these', 'challenges', '8', '9', '10', 'ml', 'models', 'can', 'be', 'used', 'to', 'predict', 'specific', 'properties', 'of']","['machine', 'learning', 'for', 'sustainable', 'energy', 'future', 'here', 'we', 'explore', 'the', 'extent', 'to', 'which', 'machine', 'learning', 'ml', 'techniques', 'can', 'help', 'to', 'address', 'many', 'of', 'these', 'challenges', '10', 'ml', 'models', 'can', 'be', 'used', 'to', 'predict', 'specific', 'properties', 'of']","['machine', 'learning', 'for', 'sustainable', 'energy', 'future', 'here', 'we', 'explore', 'the', 'extent', 'to', 'which', 'machine', 'learning', 'ml', 'techniques', 'can', 'help', 'to', 'address', 'many', 'of', 'these', 'challenges', '10', 'ml', 'models', 'can', 'be', 'used', 'to', 'predict', 'specific', 'properties', 'of']",machine learning for sustainable energy future here we explore the extent to which machine learning ml techniques can help to address many of these challenges 10 ml models can be used to predict specific properties of
33,Understanding from machine learning models,"Understanding from machine learning models … the opposite direction by utilizing opaque machine learning models to make predictions and
… or pragmatic good when they choose a machine learning model? Or are the assumptions …",Understanding from machine learning models the opposite direction by utilizing opaque machine learning models to make predictions and or pragmatic good when they choose a machine learning model Or are the assumptions,"['understanding', 'from', 'machine', 'learning', 'models', 'the', 'opposite', 'direction', 'by', 'utilizing', 'opaque', 'machine', 'learning', 'models', 'to', 'make', 'predictions', 'and', 'or', 'pragmatic', 'good', 'when', 'they', 'choose', 'a', 'machine', 'learning', 'model', 'or', 'are', 'the', 'assumptions']","['understanding', 'from', 'machine', 'learning', 'models', 'the', 'opposite', 'direction', 'by', 'utilizing', 'opaque', 'machine', 'learning', 'models', 'to', 'make', 'predictions', 'and', 'or', 'pragmatic', 'good', 'when', 'they', 'choose', 'machine', 'learning', 'model', 'or', 'are', 'the', 'assumptions']","['understanding', 'from', 'machine', 'learning', 'models', 'the', 'opposite', 'direction', 'by', 'utilizing', 'opaque', 'machine', 'learning', 'models', 'to', 'make', 'predictions', 'and', 'or', 'pragmatic', 'good', 'when', 'they', 'choose', 'machine', 'learning', 'model', 'or', 'are', 'the', 'assumptions']",understanding from machine learning models the opposite direction by utilizing opaque machine learning models to make predictions and or pragmatic good when they choose machine learning model or are the assumptions
34,Machine learning at the network edge: A survey,"Machine learning at the network edge: A survey … This section describes the low-power hardware that have been used in edge machine
learning systems. High performance from a deep learning application is only achievable when an …",Machine learning at the network edge A survey This section describes the low power hardware that have been used in edge machine learning systems High performance from a deep learning application is only achievable when an,"['machine', 'learning', 'at', 'the', 'network', 'edge', 'a', 'survey', 'this', 'section', 'describes', 'the', 'low', 'power', 'hardware', 'that', 'have', 'been', 'used', 'in', 'edge', 'machine', 'learning', 'systems', 'high', 'performance', 'from', 'a', 'deep', 'learning', 'application', 'is', 'only', 'achievable', 'when', 'an']","['machine', 'learning', 'at', 'the', 'network', 'edge', 'survey', 'this', 'section', 'describes', 'the', 'low', 'power', 'hardware', 'that', 'have', 'been', 'used', 'in', 'edge', 'machine', 'learning', 'systems', 'high', 'performance', 'from', 'deep', 'learning', 'application', 'is', 'only', 'achievable', 'when', 'an']","['machine', 'learning', 'at', 'the', 'network', 'edge', 'survey', 'this', 'section', 'describes', 'the', 'low', 'power', 'hardware', 'that', 'have', 'been', 'used', 'in', 'edge', 'machine', 'learning', 'systems', 'high', 'performance', 'from', 'deep', 'learning', 'application', 'is', 'only', 'achievable', 'when', 'an']",machine learning at the network edge survey this section describes the low power hardware that have been used in edge machine learning systems high performance from deep learning application is only achievable when an
35,Financial applications of machine learning: A literature review,"Financial applications of machine learning: A literature review … of machine learning and deep learning in … on machine learning in finance. The study finally
points out possible research directions which might lead to new inquiries in machine learning …",Financial applications of machine learning A literature review of machine learning and deep learning in on machine learning in finance The study finally points out possible research directions which might lead to new inquiries in machine learning,"['financial', 'applications', 'of', 'machine', 'learning', 'a', 'literature', 'review', 'of', 'machine', 'learning', 'and', 'deep', 'learning', 'in', 'on', 'machine', 'learning', 'in', 'finance', 'the', 'study', 'finally', 'points', 'out', 'possible', 'research', 'directions', 'which', 'might', 'lead', 'to', 'new', 'inquiries', 'in', 'machine', 'learning']","['financial', 'applications', 'of', 'machine', 'learning', 'literature', 'review', 'of', 'machine', 'learning', 'and', 'deep', 'learning', 'in', 'on', 'machine', 'learning', 'in', 'finance', 'the', 'study', 'finally', 'points', 'out', 'possible', 'research', 'directions', 'which', 'might', 'lead', 'to', 'new', 'inquiries', 'in', 'machine', 'learning']","['financial', 'applications', 'of', 'machine', 'learning', 'literature', 'review', 'of', 'machine', 'learning', 'and', 'deep', 'learning', 'in', 'on', 'machine', 'learning', 'in', 'finance', 'the', 'study', 'finally', 'points', 'out', 'possible', 'research', 'directions', 'which', 'might', 'lead', 'to', 'new', 'inquiries', 'in', 'machine', 'learning']",financial applications of machine learning literature review of machine learning and deep learning in on machine learning in finance the study finally points out possible research directions which might lead to new inquiries in machine learning
36,Machine learning for chemical reactions,"Machine learning for chemical reactions … Machine learning (ML) … using machine-learned neural network potentials. This review
provides an overview of the questions that can and have been addressed using machine learning …",Machine learning for chemical reactions Machine learning ML using machine learned neural network potentials This review provides an overview of the questions that can and have been addressed using machine learning,"['machine', 'learning', 'for', 'chemical', 'reactions', 'machine', 'learning', 'ml', 'using', 'machine', 'learned', 'neural', 'network', 'potentials', 'this', 'review', 'provides', 'an', 'overview', 'of', 'the', 'questions', 'that', 'can', 'and', 'have', 'been', 'addressed', 'using', 'machine', 'learning']","['machine', 'learning', 'for', 'chemical', 'reactions', 'machine', 'learning', 'ml', 'using', 'machine', 'learned', 'neural', 'network', 'potentials', 'this', 'review', 'provides', 'an', 'overview', 'of', 'the', 'questions', 'that', 'can', 'and', 'have', 'been', 'addressed', 'using', 'machine', 'learning']","['machine', 'learning', 'for', 'chemical', 'reactions', 'machine', 'learning', 'ml', 'using', 'machine', 'learned', 'neural', 'network', 'potentials', 'this', 'review', 'provides', 'an', 'overview', 'of', 'the', 'questions', 'that', 'can', 'and', 'have', 'been', 'addressed', 'using', 'machine', 'learning']",machine learning for chemical reactions machine learning ml using machine learned neural network potentials this review provides an overview of the questions that can and have been addressed using machine learning
37,The role of machine learning algorithms for diagnosing diseases,"The role of machine learning algorithms for diagnosing diseases … the machine learning … machine, K-nearest neighbor, K-means clustering, decision tree, and
random forest. In this work, many previous studies were reviewed that used machine learning …",The role of machine learning algorithms for diagnosing diseases the machine learning machine K nearest neighbor K means clustering decision tree and random forest In this work many previous studies were reviewed that used machine learning,"['the', 'role', 'of', 'machine', 'learning', 'algorithms', 'for', 'diagnosing', 'diseases', 'the', 'machine', 'learning', 'machine', 'k', 'nearest', 'neighbor', 'k', 'means', 'clustering', 'decision', 'tree', 'and', 'random', 'forest', 'in', 'this', 'work', 'many', 'previous', 'studies', 'were', 'reviewed', 'that', 'used', 'machine', 'learning']","['the', 'role', 'of', 'machine', 'learning', 'algorithms', 'for', 'diagnosing', 'diseases', 'the', 'machine', 'learning', 'machine', 'nearest', 'neighbor', 'means', 'clustering', 'decision', 'tree', 'and', 'random', 'forest', 'in', 'this', 'work', 'many', 'previous', 'studies', 'were', 'reviewed', 'that', 'used', 'machine', 'learning']","['the', 'role', 'of', 'machine', 'learning', 'algorithms', 'for', 'diagnosing', 'diseases', 'the', 'machine', 'learning', 'machine', 'nearest', 'neighbor', 'means', 'clustering', 'decision', 'tree', 'and', 'random', 'forest', 'in', 'this', 'work', 'many', 'previous', 'studies', 'were', 'reviewed', 'that', 'used', 'machine', 'learning']",the role of machine learning algorithms for diagnosing diseases the machine learning machine nearest neighbor means clustering decision tree and random forest in this work many previous studies were reviewed that used machine learning
38,Scientific machine learning benchmarks,"Scientific machine learning benchmarks … frameworks, computer architectures and machine learning models… metrics for the application
of machine learning methods to open, … Here, we introduce the concept of machine learning …",Scientific machine learning benchmarks frameworks computer architectures and machine learning models metrics for the application of machine learning methods to open Here we introduce the concept of machine learning,"['scientific', 'machine', 'learning', 'benchmarks', 'frameworks', 'computer', 'architectures', 'and', 'machine', 'learning', 'models', 'metrics', 'for', 'the', 'application', 'of', 'machine', 'learning', 'methods', 'to', 'open', 'here', 'we', 'introduce', 'the', 'concept', 'of', 'machine', 'learning']","['scientific', 'machine', 'learning', 'benchmarks', 'frameworks', 'computer', 'architectures', 'and', 'machine', 'learning', 'models', 'metrics', 'for', 'the', 'application', 'of', 'machine', 'learning', 'methods', 'to', 'open', 'here', 'we', 'introduce', 'the', 'concept', 'of', 'machine', 'learning']","['scientific', 'machine', 'learning', 'benchmarks', 'frameworks', 'computer', 'architectures', 'and', 'machine', 'learning', 'models', 'metrics', 'for', 'the', 'application', 'of', 'machine', 'learning', 'methods', 'to', 'open', 'here', 'we', 'introduce', 'the', 'concept', 'of', 'machine', 'learning']",scientific machine learning benchmarks frameworks computer architectures and machine learning models metrics for the application of machine learning methods to open here we introduce the concept of machine learning
39,When machine learning meets privacy: A survey and outlook,"When machine learning meets privacy: A survey and outlook … problems and machine learning is … machine learning. The survey covers three categories
of interactions between privacy and machine learning: (i) private machine learning, (ii) machine …",When machine learning meets privacy A survey and outlook problems and machine learning is machine learning The survey covers three categories of interactions between privacy and machine learning i private machine learning ii machine,"['when', 'machine', 'learning', 'meets', 'privacy', 'a', 'survey', 'and', 'outlook', 'problems', 'and', 'machine', 'learning', 'is', 'machine', 'learning', 'the', 'survey', 'covers', 'three', 'categories', 'of', 'interactions', 'between', 'privacy', 'and', 'machine', 'learning', 'i', 'private', 'machine', 'learning', 'ii', 'machine']","['when', 'machine', 'learning', 'meets', 'privacy', 'survey', 'and', 'outlook', 'problems', 'and', 'machine', 'learning', 'is', 'machine', 'learning', 'the', 'survey', 'covers', 'three', 'categories', 'of', 'interactions', 'between', 'privacy', 'and', 'machine', 'learning', 'private', 'machine', 'learning', 'ii', 'machine']","['when', 'machine', 'learning', 'meets', 'privacy', 'survey', 'and', 'outlook', 'problems', 'and', 'machine', 'learning', 'is', 'machine', 'learning', 'the', 'survey', 'covers', 'three', 'categories', 'of', 'interactions', 'between', 'privacy', 'and', 'machine', 'learning', 'private', 'machine', 'learning', 'ii', 'machine']",when machine learning meets privacy survey and outlook problems and machine learning is machine learning the survey covers three categories of interactions between privacy and machine learning private machine learning ii machine
40,Machine learning and deep learning: A review of methods and applications,"Machine learning and deep learning: A review of methods and applications … machine learning and deep learning, their differences, applications, and their impact on various
industries. Machine learning and deep learning … of machine learning and deep learning, …",Machine learning and deep learning A review of methods and applications machine learning and deep learning their differences applications and their impact on various industries Machine learning and deep learning of machine learning and deep learning,"['machine', 'learning', 'and', 'deep', 'learning', 'a', 'review', 'of', 'methods', 'and', 'applications', 'machine', 'learning', 'and', 'deep', 'learning', 'their', 'differences', 'applications', 'and', 'their', 'impact', 'on', 'various', 'industries', 'machine', 'learning', 'and', 'deep', 'learning', 'of', 'machine', 'learning', 'and', 'deep', 'learning']","['machine', 'learning', 'and', 'deep', 'learning', 'review', 'of', 'methods', 'and', 'applications', 'machine', 'learning', 'and', 'deep', 'learning', 'their', 'differences', 'applications', 'and', 'their', 'impact', 'on', 'various', 'industries', 'machine', 'learning', 'and', 'deep', 'learning', 'of', 'machine', 'learning', 'and', 'deep', 'learning']","['machine', 'learning', 'and', 'deep', 'learning', 'review', 'of', 'methods', 'and', 'applications', 'machine', 'learning', 'and', 'deep', 'learning', 'their', 'differences', 'applications', 'and', 'their', 'impact', 'on', 'various', 'industries', 'machine', 'learning', 'and', 'deep', 'learning', 'of', 'machine', 'learning', 'and', 'deep', 'learning']",machine learning and deep learning review of methods and applications machine learning and deep learning their differences applications and their impact on various industries machine learning and deep learning of machine learning and deep learning
41,"Machine learning: Algorithms, real-world applications and research directions","Machine learning: Algorithms, real-world applications and research directions … learning methods, can intelligently analyze the data on a large scale. In this paper, we present
a comprehensive view on these machine learning … different machine learning techniques …",Machine learning Algorithms real world applications and research directions learning methods can intelligently analyze the data on a large scale In this paper we present a comprehensive view on these machine learning different machine learning techniques,"['machine', 'learning', 'algorithms', 'real', 'world', 'applications', 'and', 'research', 'directions', 'learning', 'methods', 'can', 'intelligently', 'analyze', 'the', 'data', 'on', 'a', 'large', 'scale', 'in', 'this', 'paper', 'we', 'present', 'a', 'comprehensive', 'view', 'on', 'these', 'machine', 'learning', 'different', 'machine', 'learning', 'techniques']","['machine', 'learning', 'algorithms', 'real', 'world', 'applications', 'and', 'research', 'directions', 'learning', 'methods', 'can', 'intelligently', 'analyze', 'the', 'data', 'on', 'large', 'scale', 'in', 'this', 'paper', 'we', 'present', 'comprehensive', 'view', 'on', 'these', 'machine', 'learning', 'different', 'machine', 'learning', 'techniques']","['machine', 'learning', 'algorithms', 'real', 'world', 'applications', 'and', 'research', 'directions', 'learning', 'methods', 'can', 'intelligently', 'analyze', 'the', 'data', 'on', 'large', 'scale', 'in', 'this', 'paper', 'we', 'present', 'comprehensive', 'view', 'on', 'these', 'machine', 'learning', 'different', 'machine', 'learning', 'techniques']",machine learning algorithms real world applications and research directions learning methods can intelligently analyze the data on large scale in this paper we present comprehensive view on these machine learning different machine learning techniques
42,Applying machine learning to study fluid mechanics,"Applying machine learning to study fluid mechanics … This paper provides a short overview of how to use machine learning to build data-driven
models in fluid mechanics. The process of machine learning is broken down into five stages: (1…",Applying machine learning to study fluid mechanics This paper provides a short overview of how to use machine learning to build data driven models in fluid mechanics The process of machine learning is broken down into five stages 1,"['applying', 'machine', 'learning', 'to', 'study', 'fluid', 'mechanics', 'this', 'paper', 'provides', 'a', 'short', 'overview', 'of', 'how', 'to', 'use', 'machine', 'learning', 'to', 'build', 'data', 'driven', 'models', 'in', 'fluid', 'mechanics', 'the', 'process', 'of', 'machine', 'learning', 'is', 'broken', 'down', 'into', 'five', 'stages', '1']","['applying', 'machine', 'learning', 'to', 'study', 'fluid', 'mechanics', 'this', 'paper', 'provides', 'short', 'overview', 'of', 'how', 'to', 'use', 'machine', 'learning', 'to', 'build', 'data', 'driven', 'models', 'in', 'fluid', 'mechanics', 'the', 'process', 'of', 'machine', 'learning', 'is', 'broken', 'down', 'into', 'five', 'stages']","['applying', 'machine', 'learning', 'to', 'study', 'fluid', 'mechanics', 'this', 'paper', 'provides', 'short', 'overview', 'of', 'how', 'to', 'use', 'machine', 'learning', 'to', 'build', 'data', 'driven', 'models', 'in', 'fluid', 'mechanics', 'the', 'process', 'of', 'machine', 'learning', 'is', 'broken', 'down', 'into', 'five', 'stages']",applying machine learning to study fluid mechanics this paper provides short overview of how to use machine learning to build data driven models in fluid mechanics the process of machine learning is broken down into five stages
43,Machine learning and deep learning applications-a vision,"Machine learning and deep learning applications-a vision … Deep learning had been analysed and implemented in … survey for machine learning along
with deep learning applications in … , for machine learning along with deep neural learning are …",Machine learning and deep learning applications a vision Deep learning had been analysed and implemented in survey for machine learning along with deep learning applications in for machine learning along with deep neural learning are,"['machine', 'learning', 'and', 'deep', 'learning', 'applications', 'a', 'vision', 'deep', 'learning', 'had', 'been', 'analysed', 'and', 'implemented', 'in', 'survey', 'for', 'machine', 'learning', 'along', 'with', 'deep', 'learning', 'applications', 'in', 'for', 'machine', 'learning', 'along', 'with', 'deep', 'neural', 'learning', 'are']","['machine', 'learning', 'and', 'deep', 'learning', 'applications', 'vision', 'deep', 'learning', 'had', 'been', 'analysed', 'and', 'implemented', 'in', 'survey', 'for', 'machine', 'learning', 'along', 'with', 'deep', 'learning', 'applications', 'in', 'for', 'machine', 'learning', 'along', 'with', 'deep', 'neural', 'learning', 'are']","['machine', 'learning', 'and', 'deep', 'learning', 'applications', 'vision', 'deep', 'learning', 'had', 'been', 'analysed', 'and', 'implemented', 'in', 'survey', 'for', 'machine', 'learning', 'along', 'with', 'deep', 'learning', 'applications', 'in', 'for', 'machine', 'learning', 'along', 'with', 'deep', 'neural', 'learning', 'are']",machine learning and deep learning applications vision deep learning had been analysed and implemented in survey for machine learning along with deep learning applications in for machine learning along with deep neural learning are
44,Tackling climate change with machine learning,"Tackling climate change with machine learning Climate change is one of the greatest challenges facing humanity, and we, as machine
learning (ML) experts, may wonder how we can help. Here we describe how ML can be a …",Tackling climate change with machine learning Climate change is one of the greatest challenges facing humanity and we as machine learning ML experts may wonder how we can help Here we describe how ML can be a,"['tackling', 'climate', 'change', 'with', 'machine', 'learning', 'climate', 'change', 'is', 'one', 'of', 'the', 'greatest', 'challenges', 'facing', 'humanity', 'and', 'we', 'as', 'machine', 'learning', 'ml', 'experts', 'may', 'wonder', 'how', 'we', 'can', 'help', 'here', 'we', 'describe', 'how', 'ml', 'can', 'be', 'a']","['tackling', 'climate', 'change', 'with', 'machine', 'learning', 'climate', 'change', 'is', 'one', 'of', 'the', 'greatest', 'challenges', 'facing', 'humanity', 'and', 'we', 'as', 'machine', 'learning', 'ml', 'experts', 'may', 'wonder', 'how', 'we', 'can', 'help', 'here', 'we', 'describe', 'how', 'ml', 'can', 'be']","['tackling', 'climate', 'change', 'with', 'machine', 'learning', 'climate', 'change', 'is', 'one', 'of', 'the', 'greatest', 'challenges', 'facing', 'humanity', 'and', 'we', 'as', 'machine', 'learning', 'ml', 'experts', 'may', 'wonder', 'how', 'we', 'can', 'help', 'here', 'we', 'describe', 'how', 'ml', 'can', 'be']",tackling climate change with machine learning climate change is one of the greatest challenges facing humanity and we as machine learning ml experts may wonder how we can help here we describe how ml can be
45,Machine learning algorithms for social media analysis: A survey,"Machine learning algorithms for social media analysis: A survey … of machine learning algorithms, which are used in SM analysis. After that, we provide a detailed
survey of machine learning … challenges and benefits of Machine Learning usages in SM …",Machine learning algorithms for social media analysis A survey of machine learning algorithms which are used in SM analysis After that we provide a detailed survey of machine learning challenges and benefits of Machine Learning usages in SM,"['machine', 'learning', 'algorithms', 'for', 'social', 'media', 'analysis', 'a', 'survey', 'of', 'machine', 'learning', 'algorithms', 'which', 'are', 'used', 'in', 'sm', 'analysis', 'after', 'that', 'we', 'provide', 'a', 'detailed', 'survey', 'of', 'machine', 'learning', 'challenges', 'and', 'benefits', 'of', 'machine', 'learning', 'usages', 'in', 'sm']","['machine', 'learning', 'algorithms', 'for', 'social', 'media', 'analysis', 'survey', 'of', 'machine', 'learning', 'algorithms', 'which', 'are', 'used', 'in', 'sm', 'analysis', 'after', 'that', 'we', 'provide', 'detailed', 'survey', 'of', 'machine', 'learning', 'challenges', 'and', 'benefits', 'of', 'machine', 'learning', 'usages', 'in', 'sm']","['machine', 'learning', 'algorithms', 'for', 'social', 'media', 'analysis', 'survey', 'of', 'machine', 'learning', 'algorithms', 'which', 'are', 'used', 'in', 'sm', 'analysis', 'after', 'that', 'we', 'provide', 'detailed', 'survey', 'of', 'machine', 'learning', 'challenges', 'and', 'benefits', 'of', 'machine', 'learning', 'usages', 'in', 'sm']",machine learning algorithms for social media analysis survey of machine learning algorithms which are used in sm analysis after that we provide detailed survey of machine learning challenges and benefits of machine learning usages in sm
46,Machine Learning for industrial applications: A comprehensive literature review,"Machine Learning for industrial applications: A comprehensive literature review Abstract Machine Learning (ML) is a branch of artificial intelligence that studies algorithms
able to learn autonomously, directly from the input data. Over the last decade, ML techniques …",Machine Learning for industrial applications A comprehensive literature review Abstract Machine Learning ML is a branch of artificial intelligence that studies algorithms able to learn autonomously directly from the input data Over the last decade ML techniques,"['machine', 'learning', 'for', 'industrial', 'applications', 'a', 'comprehensive', 'literature', 'review', 'abstract', 'machine', 'learning', 'ml', 'is', 'a', 'branch', 'of', 'artificial', 'intelligence', 'that', 'studies', 'algorithms', 'able', 'to', 'learn', 'autonomously', 'directly', 'from', 'the', 'input', 'data', 'over', 'the', 'last', 'decade', 'ml', 'techniques']","['machine', 'learning', 'for', 'industrial', 'applications', 'comprehensive', 'literature', 'review', 'abstract', 'machine', 'learning', 'ml', 'is', 'branch', 'of', 'artificial', 'intelligence', 'that', 'studies', 'algorithms', 'able', 'to', 'learn', 'autonomously', 'directly', 'from', 'the', 'input', 'data', 'over', 'the', 'last', 'decade', 'ml', 'techniques']","['machine', 'learning', 'for', 'industrial', 'applications', 'comprehensive', 'literature', 'review', 'abstract', 'machine', 'learning', 'ml', 'is', 'branch', 'of', 'artificial', 'intelligence', 'that', 'studies', 'algorithms', 'able', 'to', 'learn', 'autonomously', 'directly', 'from', 'the', 'input', 'data', 'over', 'the', 'last', 'decade', 'ml', 'techniques']",machine learning for industrial applications comprehensive literature review abstract machine learning ml is branch of artificial intelligence that studies algorithms able to learn autonomously directly from the input data over the last decade ml techniques
47,Evolutionary machine learning: A survey,"Evolutionary machine learning: A survey … vectors pruning, and ensemble learning). This article … learning, clustering, association rule
mining, and ensemble methods. For each category, we discuss evolutionary machine learning …",Evolutionary machine learning A survey vectors pruning and ensemble learning This article learning clustering association rule mining and ensemble methods For each category we discuss evolutionary machine learning,"['evolutionary', 'machine', 'learning', 'a', 'survey', 'vectors', 'pruning', 'and', 'ensemble', 'learning', 'this', 'article', 'learning', 'clustering', 'association', 'rule', 'mining', 'and', 'ensemble', 'methods', 'for', 'each', 'category', 'we', 'discuss', 'evolutionary', 'machine', 'learning']","['evolutionary', 'machine', 'learning', 'survey', 'vectors', 'pruning', 'and', 'ensemble', 'learning', 'this', 'article', 'learning', 'clustering', 'association', 'rule', 'mining', 'and', 'ensemble', 'methods', 'for', 'each', 'category', 'we', 'discuss', 'evolutionary', 'machine', 'learning']","['evolutionary', 'machine', 'learning', 'survey', 'vectors', 'pruning', 'and', 'ensemble', 'learning', 'this', 'article', 'learning', 'clustering', 'association', 'rule', 'mining', 'and', 'ensemble', 'methods', 'for', 'each', 'category', 'we', 'discuss', 'evolutionary', 'machine', 'learning']",evolutionary machine learning survey vectors pruning and ensemble learning this article learning clustering association rule mining and ensemble methods for each category we discuss evolutionary machine learning
48,Machine learning in manufacturing and industry 4.0 applications,"Machine learning in manufacturing and industry 4.0 applications … learning from data, detect prevalent underlying patterns and make informed decisions.
Industries have been successful in the application of machine learning mainly … Machine learning …",Machine learning in manufacturing and industry 4 0 applications learning from data detect prevalent underlying patterns and make informed decisions Industries have been successful in the application of machine learning mainly Machine learning,"['machine', 'learning', 'in', 'manufacturing', 'and', 'industry', '4', '0', 'applications', 'learning', 'from', 'data', 'detect', 'prevalent', 'underlying', 'patterns', 'and', 'make', 'informed', 'decisions', 'industries', 'have', 'been', 'successful', 'in', 'the', 'application', 'of', 'machine', 'learning', 'mainly', 'machine', 'learning']","['machine', 'learning', 'in', 'manufacturing', 'and', 'industry', 'applications', 'learning', 'from', 'data', 'detect', 'prevalent', 'underlying', 'patterns', 'and', 'make', 'informed', 'decisions', 'industries', 'have', 'been', 'successful', 'in', 'the', 'application', 'of', 'machine', 'learning', 'mainly', 'machine', 'learning']","['machine', 'learning', 'in', 'manufacturing', 'and', 'industry', 'applications', 'learning', 'from', 'data', 'detect', 'prevalent', 'underlying', 'patterns', 'and', 'make', 'informed', 'decisions', 'industries', 'have', 'been', 'successful', 'in', 'the', 'application', 'of', 'machine', 'learning', 'mainly', 'machine', 'learning']",machine learning in manufacturing and industry applications learning from data detect prevalent underlying patterns and make informed decisions industries have been successful in the application of machine learning mainly machine learning
49,Enhancing computational fluid dynamics with machine learning,"Enhancing computational fluid dynamics with machine learning … Machine learning is rapidly becoming a core technology for scientific computing, with …
We also discuss emerging areas of machine learning that are promising for computational …",Enhancing computational fluid dynamics with machine learning Machine learning is rapidly becoming a core technology for scientific computing with We also discuss emerging areas of machine learning that are promising for computational,"['enhancing', 'computational', 'fluid', 'dynamics', 'with', 'machine', 'learning', 'machine', 'learning', 'is', 'rapidly', 'becoming', 'a', 'core', 'technology', 'for', 'scientific', 'computing', 'with', 'we', 'also', 'discuss', 'emerging', 'areas', 'of', 'machine', 'learning', 'that', 'are', 'promising', 'for', 'computational']","['enhancing', 'computational', 'fluid', 'dynamics', 'with', 'machine', 'learning', 'machine', 'learning', 'is', 'rapidly', 'becoming', 'core', 'technology', 'for', 'scientific', 'computing', 'with', 'we', 'also', 'discuss', 'emerging', 'areas', 'of', 'machine', 'learning', 'that', 'are', 'promising', 'for', 'computational']","['enhancing', 'computational', 'fluid', 'dynamics', 'with', 'machine', 'learning', 'machine', 'learning', 'is', 'rapidly', 'becoming', 'core', 'technology', 'for', 'scientific', 'computing', 'with', 'we', 'also', 'discuss', 'emerging', 'areas', 'of', 'machine', 'learning', 'that', 'are', 'promising', 'for', 'computational']",enhancing computational fluid dynamics with machine learning machine learning is rapidly becoming core technology for scientific computing with we also discuss emerging areas of machine learning that are promising for computational
50,Machine learning in environmental research: common pitfalls and best practices,"Machine learning in environmental research: common pitfalls and best practices … Machine learning (ML) is increasingly used in environmental research to process large data
… By analyzing good examples on supervised learning and reference modeling paradigms, …",Machine learning in environmental research common pitfalls and best practices Machine learning ML is increasingly used in environmental research to process large data By analyzing good examples on supervised learning and reference modeling paradigms,"['machine', 'learning', 'in', 'environmental', 'research', 'common', 'pitfalls', 'and', 'best', 'practices', 'machine', 'learning', 'ml', 'is', 'increasingly', 'used', 'in', 'environmental', 'research', 'to', 'process', 'large', 'data', 'by', 'analyzing', 'good', 'examples', 'on', 'supervised', 'learning', 'and', 'reference', 'modeling', 'paradigms']","['machine', 'learning', 'in', 'environmental', 'research', 'common', 'pitfalls', 'and', 'best', 'practices', 'machine', 'learning', 'ml', 'is', 'increasingly', 'used', 'in', 'environmental', 'research', 'to', 'process', 'large', 'data', 'by', 'analyzing', 'good', 'examples', 'on', 'supervised', 'learning', 'and', 'reference', 'modeling', 'paradigms']","['machine', 'learning', 'in', 'environmental', 'research', 'common', 'pitfalls', 'and', 'best', 'practices', 'machine', 'learning', 'ml', 'is', 'increasingly', 'used', 'in', 'environmental', 'research', 'to', 'process', 'large', 'data', 'by', 'analyzing', 'good', 'examples', 'on', 'supervised', 'learning', 'and', 'reference', 'modeling', 'paradigms']",machine learning in environmental research common pitfalls and best practices machine learning ml is increasingly used in environmental research to process large data by analyzing good examples on supervised learning and reference modeling paradigms
